{"skeleton":{"hash":"iV2LVMjXpwuu9QBLFJQkxgQ68Y8","spine":"2.1.27","width":440,"height":720},"bones":[{"name":"root"},{"name":"torso","parent":"root"},{"name":"head","parent":"torso","x":-31.99,"y":178},{"name":"leftHand","parent":"torso","x":105,"y":-37.99,"scaleX":-1},{"name":"rightHand","parent":"torso","x":-171,"y":-129}],"slots":[{"name":"torso","bone":"torso","attachment":"torso"},{"name":"head","bone":"head","attachment":"head_idle"},{"name":"rightHand","bone":"rightHand","attachment":"up_right_hand"},{"name":"leftHand","bone":"leftHand","attachment":"up_right_hand"}],"skins":{"default":{"head":{"head_idle":{"x":2.99,"y":7,"width":249,"height":345},"head_react_from_right":{"width":279,"height":368},"head_stunned":{"width":228,"height":335}},"leftHand":{"fwd_right_hand":{"rotation":180,"width":168,"height":133},"up_right_hand":{"width":164,"height":217}},"rightHand":{"fwd_right_hand":{"width":168,"height":133},"up_right_hand":{"width":164,"height":217}},"torso":{"torso":{"x":0.99,"y":-142,"width":365,"height":441}}}},"events":{"0_setDodging":{},"1_setRecovery":{},"2_testCrossHit":{},"3_testHookHit":{},"4_testJabHit":{},"5_testUppercutHit":{},"6_setLockedInAnimation":{},"7_setBlocking":{}},"animations":{"block":{"bones":{"leftHand":{"translate":[{"time":0,"x":-69.39,"y":86.05},{"time":0.5,"x":-69.39,"y":81.05},{"time":1,"x":-69.39,"y":86.05}]},"rightHand":{"translate":[{"time":0,"x":49.96,"y":122.14},{"time":0.5,"x":49.96,"y":117.14},{"time":1,"x":49.96,"y":122.14}]},"torso":{"translate":[{"time":0,"x":0,"y":0},{"time":0.5,"x":0,"y":5},{"time":1,"x":0,"y":0}]}},"events":[{"time":0,"name":"6_setLockedInAnimation"},{"time":0,"name":"7_setBlocking","int":1}]},"cross_left":{"slots":{"leftHand":{"attachment":[{"time":1,"name":"fwd_right_hand"},{"time":1.5,"name":"up_right_hand"}]}},"bones":{"torso":{"translate":[{"time":0,"x":0,"y":0},{"time":1,"x":25,"y":0},{"time":1.5,"x":0,"y":0}]},"leftHand":{"translate":[{"time":0,"x":0,"y":0},{"time":1,"x":66.62,"y":-88.83},{"time":1.2333,"x":-102.71,"y":13.88},{"time":1.5,"x":0,"y":0}],"scale":[{"time":1,"x":1,"y":1},{"time":1.2333,"x":2,"y":2},{"time":1.5,"x":1,"y":1}]},"rightHand":{"translate":[{"time":0,"x":0,"y":0},{"time":1,"x":24.98,"y":58.29},{"time":1.5,"x":0,"y":0}]},"head":{"translate":[{"time":0,"x":0,"y":0},{"time":0.6666,"x":16.65,"y":-16.65},{"time":1.5,"x":0,"y":0}]}},"events":[{"time":0,"name":"6_setLockedInAnimation","int":1},{"time":1.2333,"name":"1_setRecovery","int":1},{"time":1.2333,"name":"2_testCrossHit","int":1},{"time":1.5,"name":"1_setRecovery"}]},"cross_right":{"slots":{"rightHand":{"attachment":[{"time":1,"name":"fwd_right_hand"},{"time":1.5,"name":"up_right_hand"}]}},"bones":{"torso":{"translate":[{"time":0,"x":0,"y":0},{"time":1,"x":-25,"y":0},{"time":1.5,"x":0,"y":0}]},"leftHand":{"translate":[{"time":0,"x":0,"y":0},{"time":1,"x":19.43,"y":33.31},{"time":1.2333,"x":54.77,"y":17.76},{"time":1.5,"x":0,"y":0}]},"head":{"translate":[{"time":0,"x":0,"y":0},{"time":0.6666,"x":-24.98,"y":-8.32},{"time":1.5,"x":0,"y":0}]},"rightHand":{"translate":[{"time":0,"x":0,"y":0},{"time":1,"x":-44.41,"y":-36.08},{"time":1.2333,"x":98.45,"y":69.58},{"time":1.5,"x":0,"y":0}],"scale":[{"time":1,"x":1,"y":1},{"time":1.2333,"x":2,"y":2},{"time":1.5,"x":1,"y":1}]}},"events":[{"time":0,"name":"6_setLockedInAnimation","int":1},{"time":1.2333,"name":"1_setRecovery","int":1},{"time":1.2333,"name":"2_testCrossHit","int":-1},{"time":1.5,"name":"1_setRecovery"}]},"dodge_left":{"bones":{"torso":{"translate":[{"time":0,"x":0,"y":0,"curve":[0.25,0,0.228,1]},{"time":0.3333,"x":280,"y":0},{"time":0.8333,"x":200,"y":0},{"time":1,"x":0,"y":0}]},"rightHand":{"translate":[{"time":0,"x":0,"y":0},{"time":0.1666,"x":27.75,"y":116.59},{"time":1,"x":0,"y":0}]},"leftHand":{"translate":[{"time":0,"x":0,"y":0},{"time":0.5,"x":47.19,"y":-30.53},{"time":1,"x":0,"y":0}]},"head":{"translate":[{"time":0,"x":0,"y":0},{"time":0.1666,"x":38.86,"y":-22.2},{"time":1,"x":0,"y":0}]}},"events":[{"time":0,"name":"0_setDodging","int":1},{"time":0,"name":"6_setLockedInAnimation","int":1},{"time":1,"name":"0_setDodging"}]},"dodge_right":{"bones":{"torso":{"translate":[{"time":0,"x":0,"y":0,"curve":[0.25,0,0.228,1]},{"time":0.3333,"x":-280,"y":0},{"time":0.8333,"x":-200,"y":0},{"time":1,"x":0,"y":0}]},"rightHand":{"translate":[{"time":0,"x":0,"y":0},{"time":0.5,"x":-38.86,"y":-41.63},{"time":1,"x":0,"y":0}]},"leftHand":{"translate":[{"time":0,"x":0,"y":0},{"time":0.1666,"x":-41.64,"y":77.72},{"time":1,"x":0,"y":0}]},"head":{"translate":[{"time":0,"x":0,"y":0},{"time":0.5,"x":-27.75,"y":-36.08},{"time":1,"x":0,"y":0}]}},"events":[{"time":0,"name":"0_setDodging","int":-1},{"time":0,"name":"6_setLockedInAnimation","int":1},{"time":1,"name":"0_setDodging"}]},"hitFromLeft":{"slots":{"head":{"attachment":[{"time":0,"name":"head_react_from_right"},{"time":0.2666,"name":"head_idle"}]},"leftHand":{"attachment":[{"time":0,"name":"up_right_hand"}]},"rightHand":{"attachment":[{"time":0,"name":"up_right_hand"}]}},"bones":{"torso":{"translate":[{"time":0,"x":0,"y":0,"curve":[0.25,0,0.228,1]},{"time":0.2666,"x":27.76,"y":0},{"time":0.6666,"x":0,"y":0}]},"head":{"scale":[{"time":0,"x":-1,"y":1,"curve":"stepped"},{"time":0.2666,"x":1,"y":1}]},"leftHand":{"rotate":[{"time":0,"angle":0}],"scale":[{"time":0,"x":1,"y":1}]},"rightHand":{"rotate":[{"time":0,"angle":0}],"scale":[{"time":0,"x":1,"y":1}]}},"events":[{"time":0,"name":"6_setLockedInAnimation","int":2}]},"hitFromRight":{"slots":{"head":{"attachment":[{"time":0,"name":"head_react_from_right"},{"time":0.2666,"name":"head_idle"}]},"leftHand":{"attachment":[{"time":0,"name":"up_right_hand"}]},"rightHand":{"attachment":[{"time":0,"name":"up_right_hand"}]}},"bones":{"torso":{"translate":[{"time":0,"x":0,"y":0,"curve":[0.25,0,0.228,1]},{"time":0.2666,"x":-27.76,"y":0},{"time":0.6666,"x":0,"y":0}]},"leftHand":{"rotate":[{"time":0,"angle":0}],"scale":[{"time":0,"x":1,"y":1}]},"rightHand":{"rotate":[{"time":0,"angle":0}],"scale":[{"time":0,"x":1,"y":1}]}},"events":[{"time":0,"name":"6_setLockedInAnimation","int":2}]},"hook_left":{"slots":{"leftHand":{"attachment":[{"time":1.1666,"name":"fwd_right_hand"},{"time":1.5333,"name":"up_right_hand"}]}},"bones":{"torso":{"translate":[{"time":0,"x":0,"y":0},{"time":1.1666,"x":66.62,"y":-24.98,"curve":[0.248,0,0,1]},{"time":1.8333,"x":-36.08,"y":-9.36},{"time":2.1666,"x":-18.04,"y":-4.68},{"time":2.5,"x":0,"y":0}]},"leftHand":{"rotate":[{"time":1.1666,"angle":0},{"time":1.5,"angle":90,"curve":"stepped"},{"time":1.5333,"angle":90},{"time":2.5,"angle":0}],"translate":[{"time":0,"x":0,"y":0},{"time":1.1666,"x":169.33,"y":-30.53},{"time":1.5,"x":127,"y":-22.9},{"time":1.8333,"x":-278.98,"y":29.14},{"time":2.5,"x":0,"y":0}],"scale":[{"time":1.1666,"x":1,"y":1},{"time":1.5,"x":1.5,"y":1.5},{"time":1.6666,"x":2,"y":2,"curve":"stepped"},{"time":1.8333,"x":2,"y":2},{"time":2.5,"x":1,"y":1}]},"rightHand":{"translate":[{"time":0,"x":0,"y":0},{"time":1.1666,"x":94.38,"y":47.19},{"time":2.5,"x":0,"y":0}]},"head":{"translate":[{"time":0,"x":0,"y":0},{"time":1,"x":58.29,"y":-22.2},{"time":2.5,"x":0,"y":0}]}},"drawOrder":[{"time":0}],"events":[{"time":0,"name":"6_setLockedInAnimation","int":1},{"time":1.6666,"name":"1_setRecovery","int":1},{"time":1.6666,"name":"2_testCrossHit","int":1},{"time":2.5,"name":"1_setRecovery"}]},"hook_right":{"slots":{"rightHand":{"attachment":[{"time":1.1666,"name":"fwd_right_hand"},{"time":1.5333,"name":"up_right_hand"}]}},"bones":{"torso":{"translate":[{"time":0,"x":0,"y":0},{"time":1.1666,"x":-66.62,"y":-24.98,"curve":[0.248,0,0,1]},{"time":1.8333,"x":36.09,"y":-9.36},{"time":2,"x":37,"y":-10},{"time":2.1666,"x":18.04,"y":-4.68},{"time":2.5,"x":0,"y":0}]},"rightHand":{"rotate":[{"time":1.1666,"angle":0},{"time":1.5,"angle":90,"curve":"stepped"},{"time":1.5333,"angle":270},{"time":2.5,"angle":0}],"translate":[{"time":0,"x":0,"y":0},{"time":1.1666,"x":-124.91,"y":2.77},{"time":1.5,"x":-93.68,"y":2.08},{"time":1.8333,"x":334.91,"y":120.75},{"time":2.5,"x":0,"y":0}],"scale":[{"time":1.1666,"x":1,"y":1},{"time":1.5,"x":1.5,"y":1.5},{"time":1.6666,"x":2,"y":2,"curve":"stepped"},{"time":1.8333,"x":2,"y":2},{"time":2.5,"x":1,"y":1}]},"leftHand":{"translate":[{"time":0,"x":0,"y":0},{"time":1.1666,"x":-44.41,"y":33.31},{"time":2.5,"x":0,"y":0}]},"head":{"translate":[{"time":0,"x":0,"y":0},{"time":1,"x":19.43,"y":-13.88},{"time":2.5,"x":0,"y":0}]}},"drawOrder":[{"time":0,"offsets":[{"slot":"rightHand","offset":1}]},{"time":2.5}],"events":[{"time":0,"name":"6_setLockedInAnimation","int":1},{"time":1.6666,"name":"1_setRecovery","int":1},{"time":1.6666,"name":"3_testHookHit","int":-1},{"time":2.5,"name":"1_setRecovery"}]},"idle":{"slots":{"head":{"attachment":[{"time":0,"name":"head_idle"}]},"leftHand":{"attachment":[{"time":0,"name":"up_right_hand"}]},"rightHand":{"attachment":[{"time":0,"name":"up_right_hand"}]}},"bones":{"torso":{"translate":[{"time":0,"x":0,"y":0},{"time":0.5,"x":20.34,"y":-9.63},{"time":1,"x":-0.53,"y":0},{"time":1.5,"x":-21.42,"y":-7.49},{"time":2,"x":0,"y":0}]},"head":{"translate":[{"time":0,"x":0,"y":0},{"time":0.1666,"x":0.11,"y":6.73},{"time":0.5,"x":-4.28,"y":3.2},{"time":1,"x":0,"y":0},{"time":1.1666,"x":1.16,"y":3.94},{"time":1.5,"x":3.73,"y":0.35},{"time":2,"x":0,"y":0}]},"leftHand":{"rotate":[{"time":0,"angle":0}],"translate":[{"time":0,"x":0,"y":0},{"time":0.5,"x":-11.72,"y":0},{"time":1,"x":0.53,"y":0},{"time":1.5,"x":12.79,"y":0},{"time":2,"x":0,"y":0}],"scale":[{"time":0,"x":1,"y":1}]},"rightHand":{"rotate":[{"time":0,"angle":0}],"translate":[{"time":0,"x":0,"y":0},{"time":0.5,"x":5.51,"y":0},{"time":1,"x":0,"y":0},{"time":1.5,"x":20.88,"y":0},{"time":2,"x":0,"y":0}],"scale":[{"time":0,"x":1,"y":1}]}},"events":[{"time":0,"name":"0_setDodging"},{"time":0,"name":"1_setRecovery"},{"time":0,"name":"6_setLockedInAnimation"}]},"jab_left":{"slots":{"leftHand":{"attachment":[{"time":0.3333,"name":"fwd_right_hand"},{"time":1,"name":"up_right_hand"}]}},"bones":{"torso":{"translate":[{"time":0,"x":0,"y":0},{"time":0.5,"x":10,"y":0},{"time":0.7666,"x":0,"y":0}]},"rightHand":{"translate":[{"time":0,"x":0,"y":0},{"time":0.5,"x":0,"y":41.63},{"time":1,"x":0,"y":0}]},"leftHand":{"translate":[{"time":0,"x":0,"y":0},{"time":0.3333,"x":0,"y":-49.96},{"time":0.6666,"x":0,"y":27.76},{"time":1,"x":0,"y":-49.96}],"scale":[{"time":0.3333,"x":1,"y":1},{"time":0.6666,"x":2,"y":2},{"time":1,"x":1,"y":1}]}},"events":[{"time":0,"name":"6_setLockedInAnimation","int":1},{"time":0.6666,"name":"1_setRecovery","int":1},{"time":0.6666,"name":"4_testJabHit","int":1},{"time":1,"name":"1_setRecovery"}]},"jab_right":{"slots":{"rightHand":{"attachment":[{"time":0.3333,"name":"fwd_right_hand"},{"time":1,"name":"up_right_hand"}]}},"bones":{"torso":{"translate":[{"time":0,"x":0,"y":0},{"time":0.5,"x":-10,"y":0},{"time":0.7666,"x":0,"y":0}]},"leftHand":{"translate":[{"time":0,"x":0,"y":0},{"time":0.5,"x":0,"y":30.53},{"time":1,"x":0,"y":0}]},"rightHand":{"translate":[{"time":0,"x":0,"y":0},{"time":0.3333,"x":0,"y":-27.75},{"time":0.6666,"x":0,"y":63.84},{"time":1,"x":0,"y":-27.75}],"scale":[{"time":0.3333,"x":1,"y":1},{"time":0.6666,"x":2,"y":2},{"time":1,"x":1,"y":1}]}},"events":[{"time":0,"name":"6_setLockedInAnimation","int":1},{"time":0.6666,"name":"1_setRecovery","int":1},{"time":0.6666,"name":"4_testJabHit","int":-1},{"time":1,"name":"1_setRecovery"}]},"knockedOut":{"slots":{"head":{"attachment":[{"time":0,"name":"head_stunned"}]}},"bones":{"head":{"translate":[{"time":0,"x":0,"y":0},{"time":1,"x":0,"y":-119.36}]},"torso":{"translate":[{"time":0,"x":0,"y":0},{"time":1,"x":0,"y":-960.49}]},"leftHand":{"translate":[{"time":0,"x":0,"y":0},{"time":1,"x":86.05,"y":-316.46}]},"rightHand":{"translate":[{"time":0,"x":0,"y":0},{"time":1,"x":-69.39,"y":-199.87}]}},"events":[{"time":0,"name":"6_setLockedInAnimation","int":4}]},"stunned":{"slots":{"head":{"attachment":[{"time":0,"name":"head_stunned"}]}},"bones":{"leftHand":{"translate":[{"time":0,"x":0,"y":-474.69}]},"rightHand":{"translate":[{"time":0,"x":0,"y":-391.41}]},"head":{"translate":[{"time":0,"x":-19.43,"y":-44.41},{"time":0.5,"x":-19.43,"y":-49.42},{"time":1,"x":-19.43,"y":-44.41}]},"torso":{"translate":[{"time":0,"x":0,"y":0},{"time":0.5,"x":0,"y":5},{"time":1,"x":0,"y":0}]}},"events":[{"time":0,"name":"6_setLockedInAnimation","int":3}]},"uppercut":{"slots":{"rightHand":{"attachment":[{"time":0.8333,"name":"fwd_right_hand"},{"time":1.1666,"name":"up_right_hand"}]}},"bones":{"torso":{"translate":[{"time":0,"x":0,"y":0},{"time":0.6666,"x":0,"y":-8.32},{"time":1.3333,"x":0,"y":15.26},{"time":2,"x":0,"y":0}]},"rightHand":{"translate":[{"time":0,"x":0,"y":0},{"time":0.8333,"x":0,"y":-111.04},{"time":1.1666,"x":113.81,"y":-180.43},{"time":1.5,"x":131.85,"y":320.62},{"time":2,"x":0,"y":0}],"scale":[{"time":0.8333,"x":1,"y":1},{"time":1.1666,"x":1.5,"y":1.5},{"time":1.3333,"x":2,"y":2},{"time":1.5,"x":1.5,"y":1.5},{"time":2,"x":1,"y":1}]},"leftHand":{"translate":[{"time":0,"x":0,"y":0},{"time":0.7666,"x":-108.26,"y":33.31},{"time":1.1666,"x":90.63,"y":22.5},{"time":2,"x":0,"y":0}]},"head":{"translate":[{"time":0,"x":0,"y":0},{"time":0.6666,"x":-22.2,"y":-38.86},{"time":1.1666,"x":37.63,"y":22.82},{"time":2,"x":0,"y":0}]}},"events":[{"time":0,"name":"6_setLockedInAnimation","int":1},{"time":1.3333,"name":"1_setRecovery"},{"time":1.3333,"name":"5_testUppercutHit"},{"time":2,"name":"1_setRecovery"}]}}}