{"skeleton":{"hash":"QVpk8DL8WBghVwdqkihAMs1zi2Y","spine":"2.1.27","width":800,"height":701.02},"bones":[{"name":"root"},{"name":"camera","parent":"root"},{"name":"leftHand","parent":"root","x":-274.31,"y":-258.01,"scaleX":-1},{"name":"rightHand","parent":"root","x":278.39,"y":-252.58}],"slots":[{"name":"screen_sizer","bone":"camera"},{"name":"rightHand","bone":"rightHand","attachment":"right_fist_up"},{"name":"leftHand","bone":"leftHand","attachment":"right_fist_up"},{"name":"camera_marker","bone":"camera"}],"skins":{"default":{"leftHand":{"right_fist_fwd":{"width":256,"height":216},"right_fist_up":{"width":224,"height":286}},"rightHand":{"right_fist_fwd":{"width":256,"height":216},"right_fist_up":{"width":224,"height":286}}}},"events":{"0_setDodging":{},"1_setRecovery":{},"2_testCrossHit":{},"3_testHookHit":{},"4_testJabHit":{},"5_testUppercutHit":{},"6_setLockedIn":{},"7_setBlocking":{}},"animations":{"block":{"bones":{"leftHand":{"translate":[{"time":0,"x":148.02,"y":85.55}]},"rightHand":{"translate":[{"time":0,"x":-162.95,"y":80.12}]}},"events":[{"time":0,"name":"6_setLockedIn"},{"time":0,"name":"7_setBlocking","int":1}]},"cross_left":{"slots":{"leftHand":{"attachment":[{"time":0,"name":"right_fist_fwd"},{"time":0.6666,"name":"right_fist_up"}]}},"bones":{"leftHand":{"translate":[{"time":0,"x":0,"y":0},{"time":0.3333,"x":337.36,"y":320.25},{"time":0.6666,"x":0,"y":0}],"scale":[{"time":0,"x":1,"y":1},{"time":0.3333,"x":0.5,"y":0.5},{"time":0.6666,"x":1,"y":1}]},"camera":{"translate":[{"time":0,"x":0,"y":0},{"time":0.2333,"x":10,"y":0},{"time":0.6666,"x":0,"y":0}]},"rightHand":{"translate":[{"time":0,"x":0,"y":0},{"time":0.2333,"x":-111.87,"y":-118.86},{"time":0.6666,"x":0,"y":0}]}},"events":[{"time":0,"name":"1_setRecovery"},{"time":0,"name":"6_setLockedIn","int":1},{"time":0.3333,"name":"1_setRecovery","int":1},{"time":0.3333,"name":"2_testCrossHit","int":-1}]},"cross_right":{"slots":{"rightHand":{"attachment":[{"time":0,"name":"right_fist_fwd"},{"time":0.6666,"name":"right_fist_up"}]}},"bones":{"rightHand":{"translate":[{"time":0,"x":0,"y":0},{"time":0.3333,"x":-340.39,"y":314.58},{"time":0.6666,"x":0,"y":0}],"scale":[{"time":0,"x":1,"y":1},{"time":0.3333,"x":0.5,"y":0.5},{"time":0.6666,"x":1,"y":1}]},"camera":{"translate":[{"time":0,"x":0,"y":0},{"time":0.2333,"x":-10,"y":0},{"time":0.6666,"x":0,"y":0}]},"leftHand":{"translate":[{"time":0,"x":0,"y":0},{"time":0.2333,"x":104.88,"y":-136.34},{"time":0.6666,"x":0,"y":0}]}},"events":[{"time":0,"name":"6_setLockedIn","int":1},{"time":0.3333,"name":"1_setRecovery","int":1},{"time":0.3333,"name":"2_testCrossHit","int":1},{"time":0.6666,"name":"1_setRecovery"}]},"dodge_left":{"bones":{"camera":{"translate":[{"time":0,"x":-230,"y":0}]},"leftHand":{"translate":[{"time":0,"x":-205.68,"y":98.01}]},"rightHand":{"translate":[{"time":0,"x":-358.39,"y":66.58}]}},"events":[{"time":0,"name":"0_setDodging","int":-1},{"time":0,"name":"6_setLockedIn"}]},"dodge_right":{"bones":{"camera":{"translate":[{"time":0,"x":230,"y":0}]},"leftHand":{"translate":[{"time":0,"x":354.31,"y":72.01}]},"rightHand":{"translate":[{"time":0,"x":204.6,"y":95.58}]}},"events":[{"time":0,"name":"0_setDodging","int":1},{"time":0,"name":"6_setLockedIn"}]},"hitFromLeft":{"slots":{"leftHand":{"attachment":[{"time":0,"name":"right_fist_up"}]},"rightHand":{"attachment":[{"time":0,"name":"right_fist_up"}]}},"bones":{"leftHand":{"rotate":[{"time":0,"angle":0}],"translate":[{"time":0,"x":0,"y":0,"curve":[0.248,0,0,1]},{"time":0.1666,"x":104.88,"y":-108.37},{"time":0.3333,"x":0,"y":0}],"scale":[{"time":0,"x":1,"y":1}]},"rightHand":{"rotate":[{"time":0,"angle":0}],"translate":[{"time":0,"x":0,"y":0,"curve":[0.248,0,0,1]},{"time":0.1666,"x":3.49,"y":-110.12},{"time":0.3333,"x":0,"y":0}],"scale":[{"time":0,"x":1,"y":1}]},"camera":{"translate":[{"time":0,"x":0,"y":0,"curve":[0.248,0,0,1]},{"time":0.1,"x":-60,"y":0},{"time":0.3333,"x":0,"y":0}]}},"events":[{"time":0,"name":"6_setLockedIn","int":2}]},"hitFromRight":{"slots":{"leftHand":{"attachment":[{"time":0,"name":"right_fist_up"}]},"rightHand":{"attachment":[{"time":0,"name":"right_fist_up"}]}},"bones":{"camera":{"translate":[{"time":0,"x":0,"y":0,"curve":[0.248,0,0,1]},{"time":0.1,"x":60,"y":0},{"time":0.3333,"x":0,"y":0}]},"leftHand":{"rotate":[{"time":0,"angle":0}],"translate":[{"time":0,"x":0,"y":0},{"time":0.1666,"x":-50.69,"y":-61.18},{"time":0.3333,"x":0,"y":0}],"scale":[{"time":0,"x":1,"y":1}]},"rightHand":{"rotate":[{"time":0,"angle":0}],"translate":[{"time":0,"x":0,"y":0},{"time":0.1666,"x":-150.32,"y":-83.9},{"time":0.3333,"x":0,"y":0}],"scale":[{"time":0,"x":1,"y":1}]}},"events":[{"time":0,"name":"6_setLockedIn","int":2}]},"hook_left":{"slots":{"leftHand":{"attachment":[{"time":0,"name":"right_fist_fwd"},{"time":0.3666,"name":"right_fist_up"}]}},"bones":{"camera":{"translate":[{"time":0,"x":-230,"y":0},{"time":1,"x":0,"y":0,"curve":"stepped"},{"time":1.6666,"x":0,"y":0}]},"leftHand":{"rotate":[{"time":0,"angle":0},{"time":0.3333,"angle":90,"curve":"stepped"},{"time":0.3666,"angle":270},{"time":1,"angle":-90},{"time":1.6666,"angle":0}],"translate":[{"time":0,"x":-205.68,"y":98.01},{"time":0.3333,"x":-137.12,"y":170.22},{"time":1,"x":440.49,"y":409.03},{"time":1.6666,"x":0,"y":0}],"scale":[{"time":0,"x":1,"y":1},{"time":0.3333,"x":0.5,"y":0.5,"curve":"stepped"},{"time":1,"x":0.5,"y":0.5},{"time":1.6666,"x":1,"y":1}]},"rightHand":{"translate":[{"time":0,"x":-358.39,"y":66.58},{"time":1.6666,"x":0,"y":0}],"scale":[{"time":0,"x":1,"y":1}]}},"events":[{"time":0,"name":"6_setLockedIn","int":1},{"time":0.8333,"name":"1_setRecovery","int":1},{"time":0.8333,"name":"3_testHookHit","int":-1},{"time":1.6666,"name":"1_setRecovery"}]},"hook_right":{"slots":{"rightHand":{"attachment":[{"time":0,"name":"right_fist_fwd"},{"time":0.3666,"name":"right_fist_up"}]}},"bones":{"camera":{"translate":[{"time":0,"x":230,"y":0},{"time":1,"x":0,"y":0,"curve":"stepped"},{"time":1.6666,"x":0,"y":0}]},"leftHand":{"translate":[{"time":0,"x":354.31,"y":72.01},{"time":1.6666,"x":0,"y":0}]},"rightHand":{"rotate":[{"time":0,"angle":0},{"time":0.3333,"angle":270,"curve":"stepped"},{"time":0.3666,"angle":90,"curve":"stepped"},{"time":1,"angle":90},{"time":1.6666,"angle":0}],"translate":[{"time":0,"x":204.6,"y":95.58},{"time":0.3333,"x":133.97,"y":200.57},{"time":1,"x":-422.45,"y":406.18},{"time":1.6666,"x":0,"y":0}],"scale":[{"time":0,"x":1,"y":1},{"time":0.3333,"x":0.5,"y":0.5,"curve":"stepped"},{"time":1,"x":0.5,"y":0.5},{"time":1.6666,"x":1,"y":1}]}},"events":[{"time":0,"name":"6_setLockedIn","int":1},{"time":0.8333,"name":"1_setRecovery","int":1},{"time":0.8333,"name":"3_testHookHit","int":1},{"time":1.6666,"name":"1_setRecovery"}]},"idle":{"slots":{"leftHand":{"attachment":[{"time":0,"name":"right_fist_up"}]},"rightHand":{"attachment":[{"time":0,"name":"right_fist_up"}]}},"bones":{"leftHand":{"rotate":[{"time":0,"angle":0}],"translate":[{"time":0,"x":0,"y":0},{"time":0.5,"x":-24.44,"y":-21.72},{"time":1,"x":0,"y":0},{"time":1.5,"x":43.45,"y":-31.23},{"time":2,"x":0,"y":0}],"scale":[{"time":0,"x":1,"y":1}]},"rightHand":{"rotate":[{"time":0,"angle":0}],"translate":[{"time":0,"x":0,"y":0},{"time":0.5,"x":-29.87,"y":-27.15},{"time":1,"x":0,"y":0},{"time":1.5,"x":28.51,"y":-50.24},{"time":2,"x":0,"y":0}],"scale":[{"time":0,"x":1,"y":1}]},"camera":{"translate":[{"time":0,"x":0,"y":0},{"time":0.5,"x":0,"y":5},{"time":1,"x":0,"y":0},{"time":1.5,"x":0,"y":-5},{"time":2,"x":0,"y":0}]}},"events":[{"time":0,"name":"6_setLockedIn"}]},"jab_left":{"slots":{"leftHand":{"attachment":[{"time":0,"name":"right_fist_fwd"}]}},"bones":{"leftHand":{"translate":[{"time":0,"x":0,"y":0},{"time":0.5,"x":119.5,"y":177.89},{"time":0.6666,"x":0,"y":0}],"scale":[{"time":0,"x":1,"y":1},{"time":0.5,"x":0.5,"y":0.5},{"time":0.6666,"x":1,"y":1}]},"rightHand":{"translate":[{"time":0,"x":0,"y":0},{"time":0.3333,"x":-42.09,"y":-48.88},{"time":0.6666,"x":0,"y":0}]}},"events":[{"time":0,"name":"6_setLockedIn","int":1},{"time":0.5,"name":"1_setRecovery"},{"time":0.5,"name":"4_testJabHit","int":-1},{"time":0.6666,"name":"1_setRecovery"}]},"jab_right":{"slots":{"rightHand":{"attachment":[{"time":0,"name":"right_fist_fwd"}]}},"bones":{"rightHand":{"translate":[{"time":0,"x":0,"y":0},{"time":0.5,"x":-123.39,"y":172.58},{"time":0.6666,"x":0,"y":0}],"scale":[{"time":0,"x":1,"y":1},{"time":0.5,"x":0.5,"y":0.5},{"time":0.6666,"x":1,"y":1}]},"leftHand":{"translate":[{"time":0,"x":0,"y":0},{"time":0.3333,"x":50.69,"y":-48.94},{"time":0.6666,"x":0,"y":0}]}},"events":[{"time":0,"name":"6_setLockedIn","int":1},{"time":0.5,"name":"1_setRecovery","int":1},{"time":0.5,"name":"4_testJabHit","int":1},{"time":0.6666,"name":"1_setRecovery"}]},"knockedOut":{"bones":{"leftHand":{"translate":[{"time":0,"x":0,"y":0,"curve":[0.248,0,0.751,0.99]},{"time":0.3333,"x":-86.91,"y":92.34,"curve":[0.248,0,0.751,0.99]},{"time":0.6666,"x":-304.19,"y":161.6}]},"rightHand":{"translate":[{"time":0,"x":0,"y":0,"curve":[0.248,0,0.751,0.99]},{"time":0.3333,"x":66.54,"y":82.83,"curve":[0.248,0,0.751,0.99]},{"time":0.6666,"x":321.84,"y":188.76}]}},"events":[{"time":0,"name":"6_setLockedIn","int":4}]},"stunned":{"bones":{"rightHand":{"translate":[{"time":0,"x":119.5,"y":-103.2}]},"leftHand":{"translate":[{"time":0,"x":-133.08,"y":-137.15}]},"camera":{"translate":[{"time":0,"x":0,"y":-30},{"time":0.3333,"x":-30,"y":-30},{"time":0.6666,"x":0,"y":-30},{"time":1,"x":30,"y":-30},{"time":1.3333,"x":0,"y":-30}]}},"events":[{"time":0,"name":"6_setLockedIn","int":3}]},"uppercut":{"slots":{"rightHand":{"attachment":[{"time":0.1666,"name":"right_fist_fwd"},{"time":0.5,"name":"right_fist_up"}]}},"bones":{"camera":{"translate":[{"time":0,"x":0,"y":0},{"time":0.3333,"x":0,"y":-10},{"time":0.8333,"x":0,"y":10},{"time":1.3333,"x":0,"y":0}]},"rightHand":{"translate":[{"time":0,"x":0,"y":0},{"time":0.1666,"x":-141.58,"y":-101.38},{"time":0.5,"x":-234.23,"y":-45.44},{"time":0.8333,"x":-325.12,"y":463.21},{"time":1.3333,"x":0,"y":0}],"scale":[{"time":0.1666,"x":1,"y":1},{"time":0.5,"x":0.5,"y":0.5,"curve":"stepped"},{"time":0.8333,"x":0.5,"y":0.5},{"time":1.3333,"x":1,"y":1}]},"leftHand":{"translate":[{"time":0,"x":0,"y":0},{"time":0.1666,"x":145.08,"y":113.62},{"time":1.3333,"x":0,"y":0}]}},"events":[{"time":0,"name":"6_setLockedIn","int":1},{"time":0.7,"name":"5_testUppercutHit"},{"time":0.8333,"name":"1_setRecovery","int":1},{"time":1.3333,"name":"1_setRecovery"}]}}}